{
  "project_info": {
    "project_number": "817932209993",
    "firebase_url": "https://smart-915cc.firebaseio.com",
    "project_id": "smart-915cc",
    "storage_bucket": "smart-915cc.appspot.com"
  },
  "client": [
    {
      "client_info": {
        "mobilesdk_app_id": "1:817932209993:android:59938c1091482aa1",
        "android_client_info": {
          "package_name": "com.example.smart"
        }
      },
      "oauth_client": [
        {
          "client_id": "817932209993-dbbplgn2k6jnnu2n9djgsb4eqt3nnsl5.apps.googleusercontent.com",
          "client_type": 3
        }
      ],
      "api_key": [
        {
          "current_key": "AIzaSyCr7A4pitEaJv7JTNdTtE8XcKM_E8BVHUo"
        }
      ],
      "services": {
        "analytics_service": {
          "status": 1
        },
        "appinvite_service": {
          "status": 1,
          "other_platform_oauth_client": []
        },
        "ads_service": {
          "status": 2
        }
      }
    }
  ],
  "configuration_version": "1"
}